0,R002,True
0,R004,False
0,R001,False
0,R004,False
0,R004,False
0,R001,False
0,R002,False
0,R005,True
0,R002,True
0,R005,True
0,R001,False
0,R003,True
0,R001,False
0,R002,True
0,R005,False
0,R004,False
1,R003,False
1,R001,True
1,R003,False
1,R005,True
1,R005,True
1,R003,False
2,R001,False
2,R005,True
2,R004,False
2,R004,True
2,R001,False
2,R001,False
2,R002,True
2,R002,True
2,R004,False
3,R005,True
3,R001,False
3,R004,True
3,R003,True
3,R005,True
3,R002,False
3,R002,False
3,R005,False
3,R004,False
3,R002,False
4,R004,False
4,R003,True
4,R004,False
4,R004,False
4,R001,True
4,R001,False
4,R004,False
4,R001,True
4,R002,True
4,R003,True
4,R004,True
4,R003,True
4,R005,True
4,R002,True
4,R003,True
5,R004,False
5,R002,False
5,R001,False
5,R001,True
5,R002,False
5,R005,True
5,R001,False
5,R003,True
5,R003,True
5,R004,False
5,R004,True
5,R003,True
5,R005,True
5,R005,False
5,R004,True
5,R004,True
5,R001,False
5,R004,False
5,R002,True
5,R004,True
5,R003,True
5,R004,True
5,R002,False
5,R003,True
5,R001,False
5,R004,True
5,R005,False
5,R005,True
5,R002,False
6,R005,True
6,R001,False
6,R003,False
6,R002,True
7,R005,True
7,R003,True
7,R002,False
7,R002,False
7,R003,True
7,R003,True
7,R001,False
7,R005,True
7,R001,False
7,R002,False
7,R003,False
7,R003,False
7,R002,True
7,R004,False
7,R003,False
8,R001,False
8,R001,False
8,R002,True
8,R001,False
8,R002,False
8,R004,True
8,R001,False
8,R005,False
8,R005,False
8,R004,False
9,R005,True
9,R003,False
9,R002,True
9,R005,False
9,R004,False
9,R001,False
9,R005,True
9,R002,False
9,R004,True
10,R001,False
10,R003,True
10,R003,False
10,R001,False
10,R001,False
10,R002,False
10,R002,True
10,R001,False
10,R001,False
10,R003,False
10,R002,False
10,R005,True
10,R004,False
10,R002,False
10,R005,False
10,R005,True
10,R001,False
10,R004,True
10,R005,True
10,R001,False
10,R004,False
10,R004,False
10,R005,True
10,R004,False
10,R001,False
10,R004,True
10,R002,False
10,R002,False
11,R005,False
11,R005,True
11,R002,True
11,R002,True
11,R002,False
11,R004,True
11,R002,True
11,R004,False
11,R004,True
11,R002,True
12,R002,False
12,R005,True
12,R001,False
12,R004,False
12,R001,False
13,R002,True
13,R001,False
13,R001,False
13,R002,True
13,R002,False
13,R005,True
13,R004,True
13,R003,False
13,R005,True
13,R002,True
13,R001,False
13,R004,True
13,R001,False
13,R003,False
13,R001,False
13,R004,True
13,R003,False
13,R001,False
13,R003,False
13,R003,False
13,R002,False
14,R001,True
14,R002,False
14,R002,True
14,R001,False
14,R001,False
14,R002,False
14,R002,False
14,R003,False
14,R005,True
14,R001,False
14,R002,True
14,R003,False
14,R004,True
14,R004,False
14,R001,False
14,R003,False
14,R002,True
14,R003,False
14,R004,False
14,R004,True
14,R002,True
14,R002,True
15,R002,True
15,R004,False
15,R002,True
15,R005,False
15,R002,False
15,R004,True
16,R002,False
16,R001,False
16,R003,False
16,R005,True
16,R005,True
16,R002,True
16,R004,False
17,R004,False
17,R002,True
17,R005,True
17,R005,True
17,R003,False
17,R005,True
17,R004,False
17,R002,False
17,R001,True
17,R003,False
18,R005,False
18,R004,False
18,R005,True
18,R003,True
18,R004,False
18,R004,False
18,R004,True
18,R002,False
18,R003,True
18,R002,True
18,R002,True
18,R001,False
18,R005,True
18,R004,False
18,R005,False
18,R001,False
18,R004,False
18,R001,False
18,R005,True
18,R001,False
18,R004,True
18,R003,True
19,R002,False
19,R003,False
19,R003,False
19,R003,False
19,R002,True
19,R002,True
19,R002,True
19,R001,False
19,R001,False
19,R004,False
19,R002,True
19,R003,False
20,R004,True
20,R004,False
20,R003,False
20,R002,True
20,R001,False
20,R004,False
20,R002,False
20,R004,False
20,R003,False
20,R005,True
20,R004,False
20,R002,True
20,R002,True
20,R004,False
20,R004,False
20,R001,False
20,R003,True
20,R005,True
20,R001,False
20,R005,True
20,R003,False
20,R004,False
20,R001,True
21,R004,False
21,R004,False
21,R001,False
21,R005,False
21,R002,False
21,R001,False
22,R003,True
22,R004,False
22,R002,False
22,R005,True
22,R001,False
22,R004,True
22,R005,True
22,R003,False
22,R004,True
22,R001,False
22,R001,False
22,R003,False
23,R001,False
23,R003,False
23,R005,False
23,R004,False
23,R005,True
23,R003,False
23,R004,False
23,R004,True
23,R001,False
23,R002,True
23,R002,True
23,R001,False
23,R001,False
23,R005,True
23,R004,True
23,R005,True
23,R001,False
23,R003,False
23,R002,True
23,R004,True
23,R005,False
23,R004,False
23,R002,True
23,R004,False
23,R002,False
23,R003,False
23,R005,True
23,R004,True
24,R004,False
24,R001,False
24,R003,True
24,R005,True
24,R005,False
24,R001,False
24,R005,True
24,R003,False
24,R005,False
24,R001,False
24,R003,True
24,R004,True
24,R002,True
24,R003,True
24,R005,True
24,R005,True
24,R005,True
24,R003,False
24,R002,False
24,R002,True
24,R004,False
24,R003,False
24,R005,False
25,R005,True
25,R004,False
25,R005,True
25,R003,True
25,R005,True
25,R005,True
25,R003,False
25,R003,False
25,R005,True
25,R001,False
25,R001,False
25,R003,True
25,R004,False
25,R002,False
25,R001,False
25,R005,True
25,R004,False
25,R005,True
25,R005,True
25,R003,False
25,R003,False
26,R001,False
26,R001,True
26,R003,False
26,R002,False
26,R004,False
26,R004,False
26,R002,True
26,R005,True
26,R005,True
26,R004,False
26,R001,False
26,R003,True
26,R001,False
26,R001,False
26,R001,True
26,R005,True
26,R001,False
26,R004,False
27,R001,True
27,R001,False
27,R002,False
27,R005,True
27,R004,False
27,R005,True
27,R004,False
27,R002,False
27,R004,False
27,R003,True
28,R003,False
28,R005,True
28,R003,True
28,R004,False
28,R003,True
28,R001,False
28,R003,False
28,R003,False
28,R004,False
28,R001,False
28,R002,True
28,R002,True
28,R003,True
28,R002,True
28,R004,False
28,R004,False
28,R004,True
28,R005,True
28,R001,False
28,R001,False
28,R001,False
28,R002,True
28,R002,True
28,R004,True
28,R003,False
28,R001,False
29,R003,True
29,R002,True
29,R003,True
29,R002,True
29,R005,False
29,R001,False
29,R002,True
29,R003,True
29,R001,False
29,R004,True
29,R002,False
29,R002,False
29,R005,True
29,R002,False
29,R001,False
29,R005,True
29,R004,True
29,R005,True
29,R004,False
29,R002,True
29,R004,False
29,R004,False
30,R001,False
30,R005,True
30,R001,False
30,R003,False
30,R002,True
30,R005,True
30,R001,False
30,R001,False
30,R002,False
30,R004,False
30,R005,False
30,R004,True
30,R003,False
30,R003,False
30,R001,False
30,R004,True
30,R004,False
30,R004,True
30,R005,True
30,R005,False
30,R003,False
30,R005,False
30,R001,False
30,R005,True
30,R005,True
30,R004,True
30,R005,False
30,R003,False
30,R003,True
30,R002,True
30,R001,False
31,R001,False
31,R005,True
31,R002,False
31,R001,False
31,R004,False
31,R003,True
31,R003,True
31,R001,False
31,R002,False
31,R005,True
31,R001,False
31,R002,True
31,R001,False
32,R005,True
32,R003,False
32,R004,True
32,R001,False
32,R002,True
32,R004,True
32,R003,True
32,R005,True
32,R002,True
32,R004,False
32,R005,True
32,R004,False
32,R005,False
32,R002,True
32,R005,False
32,R005,True
32,R001,False
32,R003,True
32,R003,True
32,R001,False
32,R003,False
33,R003,False
33,R002,True
33,R002,False
33,R002,True
33,R001,False
33,R004,False
33,R005,True
33,R002,True
33,R004,False
33,R001,False
33,R005,True
33,R004,False
33,R003,True
34,R003,False
34,R002,True
34,R003,True
34,R004,True
34,R005,True
34,R002,False
34,R002,True
34,R002,False
34,R002,True
34,R003,True
34,R003,False
34,R005,True
34,R004,True
34,R002,True
34,R004,True
34,R004,True
34,R003,True
34,R004,True
34,R002,False
34,R004,False
34,R003,False
34,R004,False
34,R004,True
34,R005,True
34,R004,False
34,R002,False
34,R003,False
34,R002,False
34,R004,False
34,R003,False
34,R001,False
34,R003,True
34,R005,True
34,R002,True
34,R003,False
34,R001,False
34,R001,False
35,R001,False
35,R004,True
35,R004,False
35,R002,True
35,R004,False
35,R002,True
35,R003,False
35,R005,True
35,R003,True
35,R005,True
35,R001,False
35,R004,False
35,R003,True
35,R001,True
35,R003,True
35,R005,True
35,R001,True
35,R002,True
35,R005,True
35,R004,False
35,R005,True
35,R003,True
35,R002,True
35,R001,False
35,R003,True
35,R004,True
35,R003,True
35,R002,True
35,R002,True
36,R005,True
36,R005,True
36,R001,False
36,R001,False
36,R002,True
36,R001,False
36,R001,False
36,R001,True
36,R003,False
36,R002,True
36,R004,True
36,R003,False
36,R002,True
36,R005,True
37,R003,True
37,R002,True
37,R003,False
37,R002,True
37,R004,False
37,R003,True
37,R004,False
37,R001,False
38,R002,False
38,R004,True
38,R002,False
38,R005,True
38,R001,False
38,R005,False
38,R004,False
38,R001,False
38,R003,False
38,R002,False
38,R005,False
38,R005,True
38,R004,False
38,R002,False
38,R001,False
38,R003,True
38,R005,True
38,R002,True
38,R001,False
39,R003,True
39,R004,True
39,R001,False
39,R004,False
39,R001,False
39,R005,True
39,R002,True
39,R002,True
39,R003,False
39,R005,True
39,R002,True
39,R004,True
39,R002,True
39,R003,True
39,R004,False
39,R003,True
39,R004,True
39,R004,True
40,R005,True
40,R002,False
40,R004,True
40,R005,True
40,R002,False
40,R002,True
40,R003,False
40,R001,True
40,R004,True
40,R001,True
40,R002,False
40,R004,True
40,R001,False
40,R005,True
40,R004,False
40,R004,False
40,R004,True
40,R004,True
40,R004,False
40,R003,True
40,R001,False
40,R001,True
40,R004,False
40,R001,False
40,R004,True
40,R004,False
40,R004,False
41,R001,False
41,R003,False
41,R003,False
41,R002,False
41,R002,False
41,R003,False
41,R002,True
41,R004,False
41,R002,False
42,R002,False
42,R003,True
42,R002,False
42,R002,False
42,R005,True
42,R001,False
42,R002,True
42,R001,True
42,R004,False
42,R001,False
42,R001,True
42,R004,True
42,R003,True
42,R001,False
42,R001,False
43,R002,True
43,R004,True
43,R005,False
43,R001,False
43,R001,False
43,R001,False
43,R004,True
43,R002,True
43,R001,False
43,R004,False
43,R005,False
43,R003,True
43,R001,False
43,R002,False
43,R002,True
43,R004,False
43,R005,True
43,R003,True
43,R002,True
43,R005,False
43,R002,False
43,R005,True
44,R003,False
44,R004,False
44,R005,True
44,R001,False
44,R003,True
44,R003,False
44,R004,False
44,R004,False
44,R005,True
44,R005,True
44,R002,True
44,R002,False
44,R001,False
44,R004,False
44,R002,True
44,R004,False
44,R004,False
44,R003,False
44,R005,True
44,R005,True
44,R004,True
44,R004,False
44,R002,True
45,R004,False
45,R004,True
45,R005,True
45,R002,True
45,R005,True
45,R003,False
45,R001,False
45,R001,False
45,R005,False
45,R002,True
45,R003,False
45,R002,True
45,R001,False
45,R003,True
45,R003,False
45,R004,False
45,R005,False
45,R003,True
45,R005,False
45,R003,True
45,R004,False
45,R002,False
45,R003,False
45,R004,False
45,R002,True
46,R005,False
46,R005,True
46,R005,False
46,R005,True
46,R004,False
46,R001,True
46,R004,True
46,R002,False
46,R003,False
46,R003,True
46,R001,False
46,R002,False
46,R004,True
46,R002,False
46,R005,True
46,R005,True
46,R004,False
46,R004,True
46,R003,False
46,R002,True
46,R002,True
46,R001,False
46,R001,False
46,R001,False
46,R004,True
47,R005,False
47,R004,True
47,R003,False
47,R001,False
47,R004,True
47,R002,True
47,R002,True
47,R004,True
47,R001,True
47,R005,True
47,R002,True
47,R003,True
47,R003,False
47,R003,False
47,R001,False
47,R001,False
47,R003,False
47,R001,True
47,R001,False
48,R003,False
48,R003,True
48,R001,False
48,R005,True
48,R003,False
48,R001,True
48,R004,False
48,R005,True
48,R001,False
48,R001,False
48,R004,True
48,R005,False
48,R005,True
48,R005,True
48,R005,True
48,R002,False
49,R005,True
49,R005,False
49,R005,True
49,R004,True
49,R003,False
49,R003,True
49,R005,True
49,R005,True
49,R004,True
49,R004,False
49,R002,True
49,R003,True
49,R001,False
49,R002,False
49,R002,False
49,R005,True
49,R001,False
49,R004,False
49,R003,False
49,R002,True
49,R003,False
49,R001,False
49,R003,True
50,R001,True
51,R003,False
51,R004,False
51,R002,False
51,R004,False
52,R004,True
52,R001,False
52,R001,False
52,R003,True
52,R002,True
52,R003,True
52,R002,True
52,R003,False
52,R002,True
52,R004,False
53,R005,True
53,R001,False
53,R004,False
53,R003,True
53,R002,False
53,R004,True
53,R001,False
53,R002,False
53,R005,True
53,R004,False
53,R004,True
53,R003,False
54,R003,False
54,R003,False
54,R004,False
54,R003,True
54,R003,False
54,R005,True
55,R001,False
55,R002,True
55,R002,True
55,R002,False
55,R002,False
55,R004,False
55,R005,False
55,R003,False
55,R004,False
55,R004,True
55,R002,False
55,R001,True
55,R003,False
55,R005,False
55,R002,True
55,R002,False
55,R003,True
55,R004,True
55,R005,True
55,R002,True
55,R005,True
55,R002,False
55,R005,True
56,R001,True
56,R002,False
57,R002,True
57,R005,True
57,R005,True
57,R003,False
57,R002,False
57,R005,True
57,R005,True
57,R004,False
57,R004,True
57,R004,True
58,R002,True
58,R001,False
58,R003,False
58,R001,False
58,R002,True
58,R003,False
58,R005,True
58,R001,False
58,R002,True
58,R005,True
58,R004,False
58,R004,True
58,R001,False
58,R001,True
58,R001,False
58,R002,True
58,R005,False
58,R001,False
58,R004,False
58,R002,True
58,R002,True
59,R002,False
59,R005,True
59,R005,False
59,R005,True
59,R003,False
59,R004,False
59,R005,False
59,R005,False
59,R004,False
59,R004,True
60,R002,True
60,R001,False
60,R001,False
60,R001,True
60,R001,False
60,R003,False
60,R004,False
60,R002,True
60,R004,False
60,R005,False
60,R005,True
60,R001,False
61,R005,True
61,R001,True
61,R002,True
61,R002,True
61,R004,True
61,R004,False
61,R001,False
61,R001,False
61,R003,False
61,R003,True
61,R003,False
61,R004,False
61,R003,True
61,R003,True
61,R003,False
61,R005,True
62,R005,True
62,R003,False
62,R002,True
62,R003,False
62,R004,True
62,R002,True
62,R003,True
62,R004,True
62,R005,False
62,R003,False
62,R005,True
62,R003,False
62,R004,True
62,R002,True
62,R002,True
62,R002,True
62,R002,True
62,R003,True
62,R004,True
62,R002,True
62,R001,False
62,R002,True
62,R004,False
62,R003,True
62,R002,True
63,R002,False
63,R003,False
63,R003,False
63,R002,True
63,R002,True
63,R003,False
63,R003,False
63,R001,False
63,R004,False
63,R002,True
64,R001,False
64,R003,False
64,R003,False
64,R004,False
64,R005,True
64,R003,False
64,R002,True
64,R005,True
64,R005,True
64,R004,False
64,R003,True
64,R001,True
64,R002,True
64,R005,True
64,R004,False
64,R002,False
64,R005,True
64,R004,False
64,R002,True
64,R003,True
64,R005,True
64,R004,False
64,R002,False
64,R003,True
64,R005,True
64,R003,False
64,R004,False
64,R005,True
64,R003,False
64,R004,True
65,R005,True
65,R001,False
65,R001,True
65,R003,True
65,R002,True
65,R001,False
65,R005,True
65,R005,True
65,R003,True
65,R005,True
65,R002,True
65,R005,True
65,R005,True
65,R001,False
65,R004,True
65,R005,False
65,R003,False
65,R001,True
65,R003,False
65,R004,False
65,R003,False
65,R003,False
65,R005,True
65,R005,False
65,R001,True
65,R003,True
65,R004,False
65,R005,True
65,R005,True
65,R005,True
65,R005,False
65,R005,True
66,R003,True
66,R004,False
66,R004,False
66,R003,False
66,R005,True
66,R005,True
66,R005,True
66,R004,False
66,R004,False
66,R005,True
66,R001,False
66,R005,True
66,R003,True
66,R002,True
66,R002,True
66,R005,True
66,R005,True
67,R004,True
67,R003,False
67,R002,True
67,R005,True
67,R005,True
67,R002,True
67,R001,False
67,R005,False
67,R002,True
67,R001,False
67,R002,True
68,R005,True
68,R001,False
68,R004,False
68,R004,True
68,R001,False
68,R002,False
68,R003,False
68,R001,False
68,R005,True
68,R005,True
68,R001,False
68,R005,True
68,R004,False
68,R004,True
68,R003,True
68,R005,True
68,R003,False
68,R002,False
68,R002,True
68,R003,False
68,R001,False
68,R001,False
68,R002,True
68,R003,False
69,R005,True
69,R002,True
69,R004,False
69,R002,True
69,R001,False
69,R002,False
69,R003,False
69,R001,True
69,R001,True
69,R003,False
69,R004,True
69,R004,True
69,R005,True
69,R002,True
69,R001,False
69,R001,False
69,R004,False
69,R005,True
69,R001,False
70,R003,False
70,R005,True
70,R002,False
70,R001,False
70,R004,False
70,R003,False
70,R004,True
70,R003,False
70,R001,True
70,R004,False
70,R001,False
70,R004,True
70,R001,False
70,R001,False
71,R003,False
71,R003,True
71,R004,True
71,R003,False
71,R002,False
71,R005,True
71,R003,True
71,R004,False
71,R005,True
71,R003,True
71,R002,True
71,R005,False
71,R003,False
71,R005,True
71,R003,True
71,R004,False
71,R001,False
71,R003,True
72,R001,False
72,R003,True
72,R005,True
72,R003,True
72,R001,False
72,R002,True
72,R001,True
72,R005,False
72,R004,False
72,R001,False
72,R002,True
72,R003,True
72,R005,False
72,R001,True
72,R002,False
72,R003,False
72,R001,False
72,R001,False
72,R002,False
72,R004,True
72,R002,False
72,R004,False
72,R001,False
72,R004,False
72,R003,False
72,R002,True
72,R005,True
72,R003,True
73,R003,False
73,R004,False
73,R004,False
73,R003,True
73,R001,False
73,R002,False
73,R004,False
73,R004,True
73,R001,False
73,R001,False
73,R003,False
73,R004,False
73,R003,False
73,R004,False
73,R003,False
73,R003,True
73,R001,False
73,R003,False
73,R004,True
73,R002,True
73,R005,False
73,R004,False
73,R003,False
73,R004,False
73,R002,True
73,R002,True
73,R003,False
73,R003,False
73,R002,True
74,R002,True
74,R005,False
74,R005,False
74,R004,True
74,R001,False
74,R005,True
74,R004,False
74,R004,True
74,R005,True
74,R004,False
74,R003,False
74,R005,True
74,R002,False
74,R002,True
74,R005,True
74,R005,True
74,R003,True
74,R004,False
74,R003,False
74,R003,True
74,R005,True
75,R001,False
75,R004,False
75,R005,True
75,R005,True
75,R002,True
75,R004,False
75,R005,True
75,R004,False
75,R005,True
75,R003,False
75,R004,False
75,R003,False
75,R004,True
75,R002,True
75,R001,False
75,R003,True
75,R004,True
75,R001,False
75,R001,True
75,R001,False
75,R002,True
75,R005,True
75,R001,False
75,R005,True
75,R004,True
76,R003,False
76,R003,False
76,R003,False
76,R005,True
76,R003,False
76,R001,False
76,R002,True
76,R005,True
76,R005,True
76,R002,True
76,R001,True
76,R005,True
76,R005,False
76,R004,False
76,R005,True
76,R005,True
76,R003,False
76,R005,True
76,R002,False
76,R005,True
76,R002,True
76,R002,True
76,R003,False
76,R005,True
77,R001,False
77,R001,False
77,R004,True
77,R003,True
77,R004,False
77,R005,True
77,R002,False
77,R004,True
77,R005,True
77,R003,True
77,R003,True
77,R005,True
77,R005,True
77,R004,False
77,R001,False
77,R002,False
77,R001,False
77,R005,True
77,R003,True
77,R005,True
78,R004,False
78,R002,True
78,R001,True
78,R002,True
78,R001,False
78,R003,True
78,R002,True
78,R004,True
78,R002,True
78,R001,False
78,R003,True
78,R004,True
78,R002,False
78,R002,True
79,R003,True
79,R004,False
79,R004,False
79,R001,False
79,R004,False
79,R002,True
79,R002,False
79,R002,False
79,R004,False
79,R002,True
79,R004,True
79,R002,False
79,R005,True
79,R003,False
79,R004,False
79,R002,False
79,R002,False
79,R003,False
80,R003,True
80,R004,False
80,R004,True
80,R003,True
80,R004,False
80,R005,False
80,R002,True
80,R001,False
80,R004,False
80,R005,True
80,R001,False
80,R004,False
80,R004,False
80,R001,True
80,R004,False
80,R005,True
80,R001,False
80,R005,True
80,R005,True
80,R004,False
80,R001,True
80,R002,True
80,R003,True
80,R002,False
80,R005,False
80,R004,False
80,R002,True
80,R005,True
80,R002,False
81,R004,True
81,R001,False
81,R002,True
81,R001,False
81,R004,False
81,R001,False
81,R002,True
81,R004,False
81,R005,True
81,R005,True
81,R001,False
81,R005,True
81,R001,True
81,R005,True
81,R001,False
81,R004,False
81,R005,True
82,R004,True
82,R002,False
82,R005,True
82,R003,False
82,R001,False
82,R004,False
82,R001,True
82,R001,False
82,R002,True
82,R001,False
82,R003,False
82,R004,True
83,R005,True
83,R004,False
83,R002,False
83,R005,True
83,R004,True
83,R004,False
84,R002,True
84,R003,False
84,R003,True
84,R004,False
84,R003,False
84,R001,False
84,R005,True
84,R003,False
84,R001,False
85,R004,True
85,R005,True
85,R001,True
85,R004,True
85,R005,False
85,R003,True
85,R003,False
85,R004,True
85,R005,True
85,R003,False
85,R005,True
86,R003,True
86,R005,True
86,R001,False
86,R003,False
86,R001,False
86,R003,False
86,R001,False
86,R003,False
86,R001,False
86,R002,False
86,R002,False
86,R002,False
86,R002,False
86,R002,False
86,R004,False
86,R005,True
86,R005,True
86,R005,True
86,R005,True
86,R005,True
86,R001,True
86,R005,True
86,R004,True
86,R003,True
86,R001,False
86,R004,True
87,R003,False
87,R003,True
87,R001,False
87,R003,True
87,R001,False
87,R001,False
87,R003,False
87,R002,True
87,R002,False
87,R004,False
88,R005,False
88,R005,True
88,R001,False
88,R005,True
88,R003,False
88,R003,False
88,R002,True
88,R003,True
88,R004,False
88,R002,False
89,R001,False
89,R003,True
89,R001,False
89,R002,True
89,R005,True
89,R005,True
89,R003,True
89,R001,False
89,R001,False
89,R003,True
89,R001,False
89,R004,False
89,R005,True
89,R002,True
89,R003,False
89,R005,True
89,R005,True
89,R003,True
89,R003,False
89,R002,True
90,R002,True
90,R001,False
90,R005,True
90,R003,False
90,R005,True
90,R001,True
90,R002,True
90,R005,False
90,R001,True
90,R003,False
90,R001,False
90,R002,True
90,R001,False
90,R002,True
90,R001,True
90,R004,True
90,R004,False
90,R004,True
90,R001,False
90,R005,True
90,R005,False
91,R005,False
91,R004,True
91,R004,False
91,R001,False
91,R003,False
92,R002,True
92,R001,True
92,R003,True
92,R002,False
92,R005,True
92,R003,False
92,R005,True
92,R002,True
92,R002,False
92,R001,False
92,R001,False
92,R003,False
92,R001,True
92,R004,False
92,R004,False
93,R002,False
93,R002,True
93,R003,True
93,R002,True
93,R003,False
93,R004,True
93,R002,True
93,R003,False
93,R002,False
93,R003,False
93,R003,False
93,R002,False
93,R002,True
93,R003,True
93,R004,True
93,R001,False
93,R005,False
93,R005,True
93,R005,True
93,R003,False
93,R005,True
93,R004,False
93,R001,False
93,R003,False
93,R001,False
93,R001,False
94,R005,False
95,R003,True
95,R004,True
95,R004,True
95,R002,True
95,R005,False
95,R001,False
95,R004,True
95,R001,True
95,R001,True
95,R005,True
95,R005,True
95,R005,True
95,R003,False
95,R002,True
95,R005,True
95,R004,True
95,R004,True
95,R003,False
96,R005,True
96,R005,True
96,R003,False
96,R004,False
96,R004,True
96,R003,False
96,R004,False
96,R003,True
96,R002,True
96,R001,False
97,R005,True
97,R005,True
97,R001,False
97,R004,False
97,R003,False
97,R001,False
97,R005,True
97,R001,False
97,R005,True
97,R001,False
97,R004,False
97,R003,False
97,R004,True
97,R005,True
97,R003,False
97,R002,False
97,R004,False
97,R002,False
97,R003,False
97,R004,False
97,R003,True
97,R005,True
97,R003,False
97,R005,True
97,R005,True
97,R004,False
97,R005,True
97,R005,True
98,R004,False
98,R003,False
98,R002,False
99,R004,False
99,R003,False
99,R003,False
99,R002,True
99,R001,False
99,R002,True
99,R005,True
99,R004,False
99,R003,True
99,R001,True
99,R004,False
99,R005,True
99,R003,False
99,R003,True
99,R002,False
99,R004,True
99,R002,True
99,R005,True
99,R005,False
99,R003,False
100,R001,True
100,R005,True
100,R003,False
100,R003,False
100,R003,False
100,R004,True
100,R004,False
100,R001,True
100,R001,True
101,R003,False
101,R002,False
101,R005,False
101,R001,False
101,R003,False
101,R001,False
101,R001,False
101,R001,False
101,R004,False
101,R001,False
101,R002,False
101,R004,False
101,R003,False
101,R005,False
101,R004,False
101,R004,True
101,R003,False
102,R005,True
102,R005,True
102,R001,False
102,R002,False
102,R001,False
102,R001,False
102,R001,False
102,R001,False
102,R001,False
102,R005,True
102,R004,True
102,R005,False
102,R004,False
102,R005,False
102,R002,False
103,R001,False
103,R001,False
103,R002,True
103,R001,False
103,R003,True
103,R004,True
103,R001,False
103,R005,True
104,R004,True
104,R004,False
104,R002,True
104,R003,False
104,R005,True
104,R004,True
104,R002,True
104,R005,True
104,R005,True
104,R002,True
104,R001,False
104,R001,False
105,R005,True
106,R001,False
106,R003,False
106,R004,False
106,R003,False
106,R003,False
106,R002,False
106,R005,True
106,R002,False
106,R002,True
106,R004,False
106,R003,True
106,R001,True
106,R002,False
106,R005,True
106,R004,False
106,R002,False
106,R001,False
106,R001,False
107,R002,False
107,R003,False
107,R003,False
107,R001,True
107,R001,False
107,R005,False
107,R004,True
107,R005,True
107,R003,False
107,R004,False
107,R005,True
107,R005,True
107,R002,True
107,R003,True
107,R003,False
107,R004,True
107,R003,False
107,R003,True
108,R005,False
108,R003,True
108,R001,False
108,R004,True
108,R002,True
108,R004,False
108,R004,False
108,R001,True
108,R002,True
108,R004,False
109,R005,True
109,R005,True
109,R004,False
109,R003,False
109,R001,False
109,R005,True
109,R001,False
109,R004,True
109,R003,False
109,R005,True
109,R003,False
109,R001,False
109,R002,True
109,R002,True
110,R004,False
110,R001,False
110,R004,True
110,R002,False
110,R003,True
110,R004,False
110,R001,False
110,R004,False
110,R004,False
110,R003,False
110,R003,False
110,R005,True
110,R003,False
110,R004,False
110,R001,False
110,R003,False
110,R003,False
110,R003,False
110,R004,True
110,R005,True
110,R004,False
110,R004,False
111,R005,True
111,R004,False
111,R002,True
111,R003,True
111,R003,False
111,R003,False
111,R003,True
111,R004,False
111,R003,False
111,R001,False
111,R002,True
111,R001,False
111,R001,False
111,R005,True
111,R004,False
111,R003,False
111,R002,True
111,R003,True
112,R002,False
112,R003,False
112,R005,False
112,R004,True
112,R002,False
112,R001,False
112,R004,False
112,R001,True
112,R004,False
112,R004,False
112,R003,True
113,R002,False
113,R004,False
113,R003,False
113,R005,False
113,R004,True
113,R002,True
114,R001,True
114,R002,True
114,R001,False
114,R004,False
114,R004,False
114,R001,True
114,R004,False
114,R001,False
114,R002,True
114,R001,False
114,R001,True
114,R001,False
114,R001,True
114,R002,False
114,R005,True
115,R001,False
115,R002,True
115,R001,False
115,R004,True
115,R001,False
115,R002,False
115,R004,False
115,R005,True
115,R002,True
115,R003,False
115,R005,True
115,R004,True
115,R001,False
115,R005,True
115,R004,False
115,R001,False
115,R001,False
116,R005,True
116,R004,False
116,R002,False
116,R002,False
116,R004,True
116,R003,False
116,R001,True
116,R001,True
116,R004,False
116,R002,False
116,R005,False
116,R005,True
116,R002,True
116,R002,False
116,R002,False
116,R004,False
116,R001,False
116,R005,False
116,R002,True
116,R005,True
116,R002,False
117,R001,False
117,R005,False
117,R002,False
117,R003,False
117,R003,False
117,R003,False
117,R003,True
117,R003,True
117,R005,True
117,R003,False
117,R004,True
117,R001,False
117,R004,False
117,R004,False
117,R002,True
117,R005,True
118,R005,False
118,R004,False
118,R001,False
118,R005,False
118,R004,True
118,R004,False
118,R004,False
118,R004,False
118,R005,True
119,R004,False
119,R002,True
119,R002,False
119,R003,False
119,R005,True
119,R005,True
119,R001,False
119,R004,True
119,R004,False
119,R002,True
119,R002,False
119,R002,True
119,R005,True
119,R001,False
119,R005,True
119,R003,False
119,R004,False
119,R002,False
119,R003,False
119,R002,True
119,R002,False
119,R004,False
120,R001,False
120,R002,True
120,R002,True
120,R005,True
120,R001,False
120,R004,False
120,R002,True
120,R001,False
120,R004,False
120,R002,True
120,R004,False
120,R003,True
121,R003,False
121,R002,True
121,R002,True
121,R004,False
121,R004,False
121,R005,True
121,R001,True
121,R005,False
121,R002,True
121,R001,False
121,R003,False
121,R005,False
121,R005,True
121,R002,True
122,R005,True
122,R004,True
122,R004,True
122,R001,True
122,R001,False
122,R004,True
122,R005,True
122,R002,False
122,R005,True
122,R002,True
122,R003,True
122,R005,True
122,R002,False
122,R003,False
122,R002,True
122,R001,False
122,R005,True
122,R003,False
122,R004,False
122,R001,False
122,R002,True
122,R005,True
122,R003,False
122,R001,False
123,R004,True
123,R004,False
123,R004,False
123,R001,True
123,R003,False
123,R003,True
123,R001,False
123,R002,True
123,R005,True
123,R005,True
123,R002,False
123,R002,False
123,R003,False
123,R002,False
123,R003,False
123,R002,True
123,R005,False
123,R002,False
124,R004,False
124,R004,True
124,R003,False
124,R002,True
124,R004,True
124,R003,False
124,R004,False
124,R001,True
124,R005,True
124,R001,True
124,R004,True
124,R002,True
124,R001,False
124,R001,True
124,R002,True
125,R004,False
125,R003,False
125,R004,False
125,R001,False
125,R004,False
125,R003,True
125,R004,False
125,R001,False
125,R003,False
125,R003,False
125,R001,False
125,R002,True
125,R005,True
125,R003,True
125,R002,True
125,R001,False
125,R003,False
125,R002,True
125,R003,False
125,R002,True
125,R005,True
125,R001,False
125,R001,False
125,R004,False
125,R004,True
125,R005,True
125,R001,False
125,R004,False
125,R005,True
125,R004,False
126,R003,False
126,R004,True
126,R003,False
126,R001,False
126,R002,True
126,R005,True
126,R003,True
126,R004,False
126,R005,False
126,R001,False
126,R001,False
126,R003,False
126,R004,False
126,R005,False
126,R002,False
126,R002,True
126,R002,False
126,R005,True
126,R005,True
127,R003,True
127,R004,True
127,R004,True
127,R004,False
127,R003,True
127,R003,True
127,R002,False
127,R003,False
127,R003,True
127,R005,True
127,R001,False
127,R002,False
127,R004,True
127,R002,True
127,R003,False
127,R005,True
127,R003,False
127,R004,False
128,R004,False
129,R004,False
130,R002,True
130,R001,False
130,R004,False
130,R005,True
130,R001,False
130,R004,False
130,R001,True
130,R004,False
130,R004,True
130,R001,False
130,R004,False
130,R002,True
130,R005,True
130,R004,True
130,R002,False
130,R002,True
130,R001,False
130,R001,True
130,R001,False
130,R004,True
130,R005,True
130,R004,True
130,R001,False
130,R004,False
131,R001,False
131,R004,False
131,R003,False
131,R001,True
131,R004,False
131,R005,True
131,R005,False
131,R002,True
131,R004,False
131,R004,False
132,R001,False
132,R001,True
132,R002,True
132,R005,False
133,R004,False
133,R005,True
133,R002,True
133,R005,True
133,R004,True
133,R003,True
133,R005,True
133,R004,False
134,R002,False
134,R001,False
134,R002,True
134,R003,True
134,R003,True
134,R003,True
134,R001,False
134,R004,False
134,R002,True
134,R002,False
134,R003,True
134,R003,True
134,R003,False
134,R003,True
134,R001,False
134,R004,False
134,R005,True
134,R005,True
134,R003,True
134,R004,True
134,R003,True
134,R004,False
134,R004,True
134,R004,True
134,R001,False
134,R005,True
134,R003,False
134,R004,False
134,R004,False
135,R004,False
135,R004,True
135,R001,False
135,R005,True
135,R002,True
135,R003,True
135,R004,False
135,R001,False
135,R003,False
135,R005,True
135,R001,False
135,R005,False
135,R001,False
135,R002,False
135,R004,False
135,R005,True
135,R002,False
135,R001,False
135,R002,False
135,R003,True
135,R004,False
135,R005,True
136,R002,True
137,R001,False
137,R003,True
137,R002,True
137,R002,False
137,R001,True
137,R005,True
137,R004,False
137,R005,True
137,R003,True
137,R003,True
137,R002,False
137,R003,True
137,R004,True
137,R003,True
137,R002,False
137,R005,True
137,R003,False
137,R003,False
137,R005,True
137,R002,False
137,R003,True
137,R003,False
137,R003,False
137,R002,False
137,R001,False
137,R001,False
137,R004,False
138,R004,False
138,R004,False
138,R004,True
138,R004,True
138,R002,True
138,R005,True
139,R003,True
139,R005,True
139,R001,False
139,R001,False
139,R005,False
139,R005,True
139,R001,True
139,R001,True
139,R003,False
139,R004,True
139,R001,False
139,R004,True
139,R002,True
139,R003,False
139,R003,True
139,R005,False
139,R002,True
140,R004,False
140,R003,True
140,R004,True
140,R004,False
140,R002,False
140,R002,False
140,R001,False
140,R004,False
140,R005,True
140,R004,False
140,R005,True
140,R001,False
140,R001,False
140,R002,False
141,R003,True
141,R002,False
141,R002,True
141,R003,True
141,R005,True
141,R003,False
141,R001,False
141,R002,False
141,R004,True
141,R002,True
141,R005,True
141,R005,True
141,R001,False
141,R004,True
141,R003,False
141,R004,True
141,R004,True
141,R004,True
141,R002,True
141,R001,False
141,R002,False
141,R003,False
142,R005,True
142,R005,False
142,R002,False
142,R004,False
142,R001,False
142,R002,True
142,R004,False
142,R002,True
142,R002,True
142,R001,False
142,R005,True
142,R002,True
142,R004,True
142,R002,True
142,R002,False
142,R002,True
143,R003,False
143,R001,False
143,R005,True
143,R001,False
143,R003,True
143,R004,True
143,R003,True
143,R001,False
143,R004,False
143,R001,False
143,R004,False
143,R004,False
143,R001,False
143,R002,False
143,R002,True
143,R003,False
144,R004,True
144,R005,True
144,R005,True
144,R004,True
144,R003,True
144,R003,False
144,R003,False
144,R004,True
144,R001,False
144,R003,False
144,R005,True
144,R002,False
144,R003,False
144,R005,True
144,R004,False
144,R005,True
144,R003,True
144,R001,False
144,R002,False
144,R002,False
144,R001,False
144,R003,False
145,R002,False
145,R004,False
146,R001,False
146,R004,True
146,R004,False
146,R005,False
146,R005,True
146,R005,False
146,R002,False
146,R002,False
146,R001,False
146,R002,False
146,R004,False
146,R003,False
146,R004,True
147,R005,False
148,R001,False
148,R005,True
148,R002,False
148,R005,True
148,R001,True
148,R004,False
148,R004,True
148,R004,False
148,R003,True
148,R005,True
148,R001,False
148,R003,True
148,R005,False
148,R004,True
148,R002,False
148,R003,True
148,R002,False
148,R005,True
148,R003,False
148,R002,True
148,R003,False
148,R004,False
148,R003,True
148,R002,True
149,R001,False
149,R001,True
149,R001,False
149,R001,True
149,R002,False
149,R002,True
149,R005,True
149,R002,False
149,R004,False
149,R005,True
149,R005,True
149,R005,False
149,R001,False
149,R004,False
149,R002,True
149,R003,False
149,R001,False
149,R001,False
149,R003,False
149,R002,True
149,R001,False
149,R002,False
149,R003,False
149,R004,False
150,R004,False
150,R002,True
150,R002,True
150,R004,False
150,R001,False
150,R002,False
150,R004,False
150,R002,True
150,R004,True
150,R003,False
150,R005,True
150,R003,False
150,R004,False
151,R005,True
152,R004,False
152,R002,False
152,R003,False
152,R001,False
152,R002,False
152,R005,False
152,R005,True
152,R004,False
152,R003,False
152,R003,False
152,R005,True
152,R002,False
152,R002,False
152,R002,False
152,R002,False
153,R003,False
153,R004,False
153,R002,True
153,R005,True
153,R004,True
153,R005,True
153,R001,False
153,R003,False
153,R003,True
153,R004,False
153,R002,True
153,R005,True
153,R003,False
153,R005,False
153,R002,True
153,R001,False
153,R002,True
153,R003,True
153,R002,True
153,R002,True
153,R001,False
153,R001,False
153,R004,False
153,R001,False
153,R003,False
154,R005,True
154,R004,False
154,R004,False
154,R001,False
154,R002,False
154,R004,True
155,R001,False
155,R002,False
155,R004,True
155,R001,False
155,R002,True
155,R001,False
155,R005,True
155,R002,False
155,R002,False
155,R001,False
155,R005,True
156,R001,True
156,R003,True
156,R005,True
156,R005,True
156,R002,True
156,R002,False
156,R005,False
156,R001,False
156,R001,False
156,R002,True
156,R005,True
156,R005,True
156,R003,False
156,R002,True
156,R004,False
156,R005,False
156,R004,False
156,R001,False
156,R003,True
157,R001,False
157,R004,True
157,R005,True
157,R004,True
157,R004,False
157,R004,False
157,R001,False
157,R002,True
157,R004,False
158,R001,False
158,R004,False
158,R002,False
158,R001,False
159,R001,False
159,R004,False
159,R004,True
159,R004,False
159,R005,True
159,R004,True
159,R005,True
159,R005,True
160,R005,True
160,R005,True
160,R005,True
160,R002,False
160,R004,True
160,R005,True
160,R005,True
160,R001,False
160,R002,False
160,R001,False
160,R002,False
160,R003,False
160,R003,False
160,R002,False
160,R003,False
160,R003,False
161,R005,True
161,R001,True
161,R001,False
161,R002,False
161,R005,True
161,R003,True
161,R004,True
161,R003,False
161,R005,True
161,R003,False
161,R001,False
161,R002,False
161,R001,True
161,R004,False
161,R005,False
161,R001,False
161,R002,False
161,R004,True
161,R002,True
161,R004,True
161,R002,False
161,R001,False
161,R004,True
161,R003,True
161,R003,True
161,R002,False
161,R005,False
161,R005,True
161,R004,False
162,R003,True
162,R005,False
162,R005,True
162,R002,False
162,R004,False
162,R004,True
162,R003,True
162,R002,True
162,R003,True
162,R002,False
162,R005,True
162,R004,False
162,R002,True
162,R005,True
162,R001,False
162,R005,True
162,R001,True
162,R005,False
163,R002,False
163,R005,True
163,R001,False
163,R003,True
163,R001,True
163,R002,True
163,R003,False
163,R005,True
163,R004,True
163,R002,True
163,R002,True
163,R004,True
163,R004,False
163,R001,False
163,R003,False
164,R002,True
164,R005,False
164,R004,True
165,R004,False
165,R004,False
165,R005,True
165,R004,False
165,R004,True
165,R003,True
165,R003,True
165,R003,True
165,R003,False
165,R005,True
165,R003,False
165,R001,True
165,R003,False
165,R004,False
165,R002,False
165,R005,True
166,R002,False
167,R003,True
167,R001,False
167,R001,False
167,R001,False
167,R003,False
167,R001,False
167,R002,True
167,R005,True
167,R003,False
168,R005,True
168,R001,False
168,R001,False
168,R004,False
168,R001,False
168,R001,False
168,R004,True
168,R001,False
168,R003,False
168,R003,True
168,R004,False
168,R003,False
168,R003,False
168,R005,True
168,R003,False
168,R003,False
168,R002,True
168,R001,False
168,R005,True
168,R003,False
169,R002,True
169,R002,True
169,R002,True
169,R003,True
169,R003,True
169,R004,False
169,R001,False
169,R003,True
169,R001,False
169,R003,True
169,R002,True
169,R005,True
170,R005,True
170,R005,True
170,R002,False
170,R002,False
170,R003,True
170,R004,True
170,R001,False
170,R005,True
170,R001,False
170,R004,False
170,R002,False
170,R004,False
170,R004,False
171,R001,False
171,R005,False
171,R004,False
171,R004,False
171,R005,True
171,R005,True
171,R004,True
171,R004,True
171,R005,True
171,R004,False
171,R005,True
171,R005,True
171,R001,False
171,R001,False
171,R005,True
171,R003,True
171,R003,False
171,R004,True
171,R005,True
171,R002,True
171,R002,True
172,R005,True
172,R002,True
172,R005,True
172,R001,False
172,R003,True
172,R001,True
173,R005,False
173,R003,False
173,R005,True
173,R001,False
173,R005,True
173,R002,True
173,R004,True
173,R004,False
173,R005,True
173,R005,True
173,R002,True
173,R003,True
173,R005,True
174,R003,False
174,R001,False
174,R001,False
174,R004,False
174,R005,True
174,R001,False
174,R002,False
174,R004,True
174,R001,False
174,R002,False
174,R005,True
174,R004,True
174,R003,False
174,R004,False
174,R001,False
174,R002,True
174,R001,False
174,R005,True
174,R003,True
174,R005,True
174,R005,True
174,R002,True
174,R002,True
175,R004,False
175,R004,True
175,R004,False
175,R005,True
175,R004,True
175,R003,False
175,R005,True
175,R004,True
175,R001,True
175,R001,False
175,R002,False
175,R001,False
175,R002,True
175,R005,True
175,R001,False
175,R005,True
175,R003,True
175,R003,False
175,R004,False
175,R002,False
175,R005,True
175,R003,False
175,R001,False
175,R003,False
175,R002,False
175,R002,False
175,R005,True
175,R004,True
175,R004,False
176,R004,True
176,R005,True
176,R005,True
176,R005,True
176,R002,False
176,R003,True
176,R003,True
176,R002,True
176,R003,False
176,R005,True
176,R003,True
177,R004,False
177,R003,False
177,R004,False
177,R005,True
177,R005,True
177,R003,True
177,R001,False
177,R003,False
177,R003,True
177,R003,True
177,R002,False
177,R002,False
177,R002,True
177,R003,False
177,R002,False
177,R002,False
177,R002,False
178,R004,False
178,R005,False
178,R004,True
179,R005,False
179,R001,False
179,R004,False
179,R001,True
179,R002,False
179,R002,False
179,R005,True
179,R002,True
179,R005,False
179,R004,True
179,R003,True
179,R005,True
179,R005,True
179,R003,False
179,R002,True
179,R003,False
179,R004,False
179,R001,False
179,R001,True
179,R004,False
179,R003,True
179,R003,True
180,R005,True
180,R004,False
180,R005,True
180,R001,False
180,R005,True
180,R002,True
180,R005,True
181,R004,False
181,R004,True
181,R004,False
181,R002,False
181,R005,False
182,R003,False
182,R005,True
182,R005,True
182,R001,False
182,R005,True
182,R004,False
182,R004,True
182,R005,False
183,R002,False
183,R003,True
183,R005,True
183,R002,False
183,R001,False
183,R003,False
183,R002,True
183,R005,True
183,R001,False
183,R005,True
184,R004,True
184,R003,True
184,R005,True
184,R004,False
184,R003,True
184,R003,False
184,R001,True
184,R004,False
184,R001,False
184,R001,False
185,R003,False
185,R002,False
185,R004,False
185,R001,True
185,R002,False
185,R004,True
185,R003,False
185,R001,False
185,R001,True
185,R001,True
185,R005,True
185,R001,True
186,R004,False
186,R002,True
186,R003,True
186,R005,False
186,R004,False
186,R003,False
186,R002,True
187,R003,False
187,R005,True
187,R004,True
187,R001,True
187,R003,False
187,R004,False
187,R002,False
187,R002,True
187,R005,True
187,R002,False
187,R005,True
187,R003,False
187,R003,False
187,R001,False
187,R002,True
187,R003,False
187,R002,True
187,R005,True
187,R002,True
187,R004,True
188,R003,True
188,R004,False
188,R005,True
188,R003,False
188,R005,True
188,R001,False
188,R004,False
188,R005,True
188,R001,True
188,R001,False
188,R005,True
188,R001,True
188,R005,True
188,R001,True
188,R003,True
188,R002,False
188,R003,True
188,R001,False
188,R005,True
188,R005,True
188,R005,True
188,R003,True
188,R001,True
188,R004,False
188,R002,False
188,R003,False
188,R001,True
188,R005,False
188,R004,False
189,R004,False
189,R005,True
189,R004,True
189,R003,False
189,R005,True
189,R003,True
189,R001,False
189,R005,True
189,R001,False
189,R002,False
189,R005,True
189,R005,True
189,R001,False
189,R004,True
189,R004,True
189,R002,False
189,R002,False
189,R002,False
190,R001,False
190,R005,True
190,R004,False
190,R004,True
190,R002,True
190,R003,False
190,R003,False
190,R004,False
190,R005,True
190,R002,False
191,R005,True
191,R004,False
191,R004,False
191,R002,True
191,R004,False
191,R001,False
191,R001,False
191,R004,False
191,R004,False
191,R003,True
191,R001,True
191,R005,True
191,R002,True
191,R001,False
192,R002,False
192,R002,True
192,R002,True
192,R004,False
192,R004,True
192,R002,True
192,R003,False
192,R003,False
192,R004,True
192,R005,True
192,R004,False
192,R004,False
193,R003,False
193,R002,True
193,R001,False
193,R004,False
193,R002,True
193,R003,False
193,R005,True
193,R002,True
193,R002,True
193,R005,True
193,R003,False
193,R003,False
193,R004,False
193,R002,True
194,R002,True
194,R004,True
194,R003,False
194,R005,True
194,R003,True
194,R005,True
194,R003,True
194,R005,True
194,R002,True
194,R004,False
194,R003,True
194,R004,False
194,R004,False
194,R004,False
194,R005,False
194,R001,False
194,R002,True
194,R005,False
194,R001,False
194,R001,True
195,R002,True
196,R003,False
196,R004,True
196,R002,True
196,R003,False
196,R004,False
196,R005,False
196,R004,False
196,R001,True
196,R003,True
196,R003,False
196,R001,False
196,R005,True
196,R002,False
197,R002,True
197,R002,False
197,R001,False
197,R004,False
197,R005,False
197,R002,False
197,R005,True
197,R005,True
198,R004,False
198,R003,True
198,R003,True
198,R003,False
198,R003,False
198,R004,True
198,R002,False
198,R004,False
198,R004,True
198,R003,False
198,R002,False
198,R005,True
198,R001,False
198,R004,False
198,R002,True
198,R005,False
198,R003,True
198,R003,True
198,R001,False
198,R002,True
198,R003,True
198,R003,False
198,R001,False
198,R003,False
198,R005,True
198,R003,False
198,R005,True
198,R005,True
198,R005,True
198,R002,False
198,R003,False
199,R002,True
199,R005,True
199,R003,False
199,R004,False
199,R002,False
199,R004,False
199,R003,False
199,R002,True
199,R003,False
199,R002,True
199,R004,True
199,R002,True
200,R004,True
200,R002,True
200,R004,True
200,R005,True
200,R003,True
200,R001,False
200,R004,False
200,R004,True
200,R003,True
200,R005,True
200,R004,False
200,R002,True
200,R005,False
200,R004,True
200,R004,False
200,R005,True
200,R004,True
200,R003,False
200,R003,True
201,R001,False
201,R003,True
201,R003,True
201,R004,True
201,R001,False
201,R001,True
201,R001,False
201,R005,True
201,R001,False
201,R003,False
201,R003,True
201,R005,True
201,R002,False
201,R001,False
201,R004,True
201,R002,False
201,R003,False
201,R003,False
201,R002,False
201,R003,False
201,R001,False
201,R001,True
201,R003,True
201,R004,False
202,R001,False
202,R003,True
202,R005,False
202,R003,True
202,R005,True
202,R004,True
202,R003,True
202,R004,True
202,R003,False
202,R003,False
202,R005,False
202,R002,True
202,R005,True
202,R003,True
203,R001,False
203,R004,False
203,R004,True
203,R003,False
203,R003,True
203,R005,True
203,R002,True
203,R005,True
203,R001,False
203,R002,False
203,R004,True
203,R005,True
203,R001,False
203,R003,False
203,R005,False
203,R002,True
203,R004,True
203,R002,True
203,R002,True
203,R002,True
203,R003,True
203,R003,True
203,R004,True
204,R005,True
204,R003,False
204,R004,True
204,R002,False
204,R003,False
204,R001,True
204,R003,True
204,R004,True
204,R003,False
204,R005,True
204,R003,False
204,R002,False
204,R003,False
205,R005,True
205,R002,False
205,R002,False
205,R002,False
205,R001,False
205,R001,False
205,R002,True
205,R005,True
205,R002,False
205,R005,True
205,R005,True
205,R003,False
205,R004,False
205,R003,True
205,R005,True
205,R005,True
205,R001,False
205,R001,False
206,R004,False
206,R002,False
206,R005,True
206,R004,False
206,R003,False
206,R004,False
206,R002,True
206,R004,True
206,R001,True
206,R003,False
206,R005,True
206,R004,True
207,R004,False
207,R004,False
207,R002,False
207,R002,False
207,R001,False
207,R003,True
207,R002,True
207,R001,True
207,R005,True
207,R005,False
208,R001,False
208,R004,False
208,R002,True
208,R004,True
208,R004,True
208,R002,True
208,R004,False
209,R001,True
209,R005,True
209,R002,True
209,R001,False
209,R005,True
209,R005,True
209,R002,True
209,R001,True
209,R005,True
209,R001,True
209,R004,False
209,R001,False
209,R004,True
209,R005,True
209,R005,True
209,R002,True
209,R005,True
209,R003,False
209,R002,True
209,R005,True
209,R003,False
209,R004,False
210,R002,False
211,R003,False
211,R005,True
211,R003,False
211,R001,False
211,R003,True
211,R003,True
211,R005,True
211,R002,False
211,R003,True
211,R005,False
211,R003,True
211,R003,False
211,R005,True
211,R001,False
211,R002,True
211,R001,False
211,R001,False
211,R004,True
211,R003,False
211,R003,True
211,R003,False
211,R004,False
211,R002,False
211,R004,False
211,R004,False
211,R001,False
211,R003,True
211,R003,False
211,R005,True
211,R005,False
211,R003,True
211,R005,True
211,R005,True
212,R001,False
212,R005,True
212,R001,False
212,R002,True
212,R003,False
212,R005,False
212,R005,True
212,R002,False
212,R005,True
212,R001,False
212,R003,False
212,R002,True
212,R003,True
212,R003,False
212,R003,False
212,R001,True
212,R002,True
212,R001,False
212,R005,False
212,R002,True
212,R001,False
212,R005,True
212,R001,True
212,R002,False
212,R005,True
213,R005,True
213,R001,False
213,R003,True
213,R004,True
213,R005,True
213,R004,False
213,R001,False
213,R001,False
213,R004,False
213,R003,False
213,R002,True
213,R002,False
213,R003,True
213,R003,True
213,R001,True
213,R002,True
213,R005,True
213,R004,False
213,R004,False
214,R001,False
214,R003,True
214,R005,True
214,R003,False
214,R003,True
214,R004,False
214,R002,True
214,R005,False
214,R004,False
214,R002,False
214,R001,False
214,R003,False
215,R001,False
215,R002,True
215,R001,False
215,R004,False
215,R002,True
215,R003,False
215,R002,True
215,R005,True
215,R003,True
215,R004,True
215,R003,True
215,R003,False
215,R004,True
215,R002,False
215,R005,True
215,R003,True
215,R002,True
215,R004,False
215,R004,False
215,R001,False
215,R005,True
216,R002,False
216,R005,True
217,R005,True
217,R003,True
217,R001,True
217,R002,True
217,R005,True
217,R003,True
217,R005,True
217,R003,True
217,R002,True
217,R005,True
217,R003,True
217,R003,True
217,R003,True
217,R003,False
217,R005,True
217,R004,False
217,R003,False
217,R004,False
217,R004,False
218,R001,True
218,R003,False
218,R002,True
218,R002,False
218,R001,False
218,R004,False
218,R003,True
218,R004,False
218,R002,True
218,R001,True
219,R001,False
219,R004,True
219,R005,True
219,R005,True
219,R005,True
219,R003,False
219,R004,True
219,R003,True
219,R005,True
219,R002,True
219,R004,False
219,R001,True
220,R002,True
220,R002,True
220,R002,True
220,R002,True
220,R004,False
220,R001,False
220,R001,False
220,R002,True
220,R003,True
220,R001,False
220,R001,False
221,R005,True
221,R003,False
221,R005,True
221,R005,True
221,R004,True
221,R003,False
221,R003,True
221,R002,False
221,R001,False
221,R001,True
221,R004,True
221,R005,True
222,R002,True
222,R003,False
222,R004,False
222,R003,False
222,R004,True
222,R003,False
222,R002,True
222,R004,True
222,R003,False
222,R001,False
222,R001,True
222,R005,False
222,R004,False
222,R004,False
222,R001,False
222,R003,False
222,R001,True
222,R005,False
222,R004,False
222,R002,False
222,R003,False
222,R001,False
222,R002,True
223,R002,False
223,R003,False
223,R005,True
223,R003,False
223,R002,False
223,R002,True
223,R005,True
223,R001,False
223,R004,False
223,R004,True
223,R005,True
223,R002,False
223,R003,False
223,R002,True
223,R003,True
223,R005,True
223,R003,False
223,R002,True
223,R001,False
223,R003,False
223,R001,False
223,R002,True
223,R004,False
223,R003,False
223,R003,False
223,R004,False
223,R001,False
223,R001,True
223,R003,False
223,R005,True
224,R005,False
224,R003,False
224,R005,True
224,R004,True
224,R002,True
224,R004,True
224,R002,True
224,R004,True
224,R002,True
225,R003,False
225,R005,True
225,R005,True
225,R002,False
225,R005,False
225,R002,False
225,R004,True
225,R003,True
225,R002,True
225,R001,False
225,R002,True
225,R002,False
225,R005,True
225,R004,False
225,R005,True
225,R002,True
225,R003,True
225,R002,True
225,R002,True
226,R003,False
226,R001,False
226,R005,True
226,R003,True
226,R005,False
226,R005,True
226,R002,True
226,R001,False
226,R005,False
226,R001,False
226,R002,False
226,R001,False
226,R004,False
226,R004,False
226,R003,False
226,R002,False
226,R004,False
226,R003,False
226,R004,False
226,R002,True
226,R002,False
226,R001,True
226,R004,False
227,R004,True
227,R004,True
227,R005,False
227,R002,True
227,R005,True
227,R001,False
227,R005,True
227,R001,True
227,R003,True
228,R001,False
228,R003,False
228,R002,False
228,R002,False
228,R003,True
228,R004,False
228,R001,False
228,R001,False
229,R003,False
229,R005,True
229,R004,True
229,R002,True
229,R002,True
229,R004,True
229,R004,True
229,R005,True
229,R002,True
229,R002,True
230,R001,True
230,R001,False
230,R001,False
230,R005,True
230,R004,False
230,R003,False
230,R002,True
230,R003,True
231,R004,False
231,R001,False
231,R001,False
231,R002,False
231,R005,True
231,R001,False
232,R003,False
232,R001,False
232,R004,True
232,R004,False
233,R002,True
233,R002,False
233,R002,False
233,R005,True
233,R002,True
233,R005,False
233,R004,False
233,R003,False
233,R001,True
233,R005,True
233,R002,False
233,R001,False
233,R001,False
233,R004,False
234,R002,True
234,R001,False
234,R003,False
234,R002,False
234,R001,False
234,R004,True
234,R002,False
234,R003,False
234,R004,True
234,R005,True
234,R001,False
234,R004,True
234,R004,True
234,R001,False
234,R001,False
234,R002,False
234,R002,True
234,R003,False
234,R003,True
234,R004,True
235,R001,False
235,R003,True
235,R001,False
236,R002,True
236,R003,False
236,R004,False
236,R005,True
236,R002,True
236,R003,False
236,R004,False
236,R005,True
236,R003,False
236,R001,False
236,R004,False
236,R002,True
236,R002,True
236,R005,True
236,R005,True
236,R005,True
236,R005,True
236,R001,False
236,R005,True
236,R004,False
236,R004,True
236,R001,False
236,R005,True
236,R005,True
237,R002,True
237,R005,True
237,R002,False
237,R003,False
237,R005,False
237,R003,True
237,R003,False
237,R005,True
237,R003,False
237,R004,False
237,R002,True
238,R004,False
239,R004,False
239,R001,False
239,R005,True
239,R005,True
239,R002,True
239,R003,True
239,R005,True
239,R004,False
239,R002,False
239,R001,False
239,R005,False
239,R004,True
239,R005,True
239,R001,True
239,R004,False
239,R003,False
239,R001,True
239,R005,False
239,R005,False
239,R002,True
239,R001,False
240,R001,True
240,R005,True
240,R005,True
240,R005,True
240,R005,True
240,R001,False
240,R001,False
240,R004,False
240,R003,False
240,R004,False
240,R002,True
240,R004,False
240,R004,False
240,R001,False
240,R001,False
240,R001,False
240,R001,True
240,R005,True
240,R002,True
240,R004,False
240,R004,False
240,R005,True
240,R002,True
240,R003,True
240,R003,True
240,R005,True
240,R005,True
240,R004,False
240,R005,True
240,R002,False
240,R004,True
241,R003,False
241,R004,True
241,R005,True
241,R005,True
241,R005,True
241,R005,True
241,R001,True
241,R005,True
241,R003,True
241,R005,True
241,R002,False
241,R004,True
241,R003,True
241,R005,True
242,R005,True
242,R005,True
242,R005,True
242,R003,False
242,R002,True
242,R002,False
242,R003,True
242,R002,True
243,R004,True
243,R005,True
243,R004,True
243,R003,False
243,R001,True
243,R002,False
243,R001,False
243,R001,False
243,R005,True
243,R005,True
243,R005,True
243,R005,True
243,R005,False
243,R002,True
243,R003,True
243,R001,False
243,R005,True
244,R005,False
244,R001,False
244,R004,True
244,R005,True
244,R004,True
244,R001,False
244,R003,False
244,R004,False
244,R002,True
244,R004,True
244,R003,False
244,R005,True
244,R001,False
244,R001,False
244,R005,True
244,R003,True
244,R004,False
244,R005,True
244,R005,True
244,R002,True
244,R005,True
244,R005,True
244,R001,False
244,R004,False
244,R001,True
244,R001,False
245,R003,False
245,R002,True
245,R002,True
245,R004,False
245,R005,True
245,R004,False
245,R004,True
245,R002,True
245,R004,True
245,R002,True
245,R004,False
245,R005,True
245,R002,True
245,R001,True
245,R004,True
245,R003,False
245,R005,True
246,R005,False
246,R002,True
246,R004,True
246,R004,True
246,R005,False
246,R003,True
246,R003,True
246,R004,False
247,R002,True
247,R002,False
247,R002,True
247,R005,True
247,R005,False
247,R005,True
247,R005,True
247,R003,False
247,R005,False
247,R003,False
247,R003,False
247,R002,True
247,R005,True
247,R004,False
247,R002,True
247,R004,False
247,R003,True
248,R005,True
248,R004,True
248,R001,False
248,R002,False
248,R003,False
248,R005,True
248,R004,True
248,R005,False
248,R001,False
248,R004,True
248,R002,False
248,R003,True
248,R005,True
248,R004,False
248,R001,True
248,R004,False
248,R003,False
248,R005,True
248,R002,False
248,R005,False
248,R002,False
248,R004,True
248,R004,False
248,R004,False
248,R004,False
248,R002,False
248,R003,True
248,R001,True
248,R002,False
248,R001,False
248,R001,False
248,R004,False
249,R004,False
250,R002,False
250,R004,True
250,R001,False
250,R002,False
250,R004,False
250,R001,False
250,R001,True
250,R004,True
250,R004,True
250,R005,True
250,R001,False
250,R005,True
250,R003,True
250,R001,False
250,R001,False
250,R002,True
250,R003,False
250,R004,False
250,R005,False
250,R003,True
250,R002,True
250,R002,True
250,R004,False
250,R002,True
250,R002,False
250,R001,True
250,R001,True
250,R003,True
250,R001,True
250,R004,False
250,R002,True
250,R003,True
250,R003,True
250,R001,True
251,R002,True
251,R002,False
251,R005,True
251,R005,True
251,R001,True
251,R003,True
251,R005,True
251,R002,False
251,R005,True
251,R005,False
251,R001,False
251,R003,False
251,R002,True
251,R003,False
251,R003,False
251,R002,True
251,R004,False
251,R001,False
252,R002,True
252,R001,False
252,R004,False
252,R001,True
252,R001,False
252,R002,False
252,R004,False
252,R002,True
252,R004,False
252,R005,True
252,R003,False
252,R002,True
252,R001,False
253,R002,False
254,R005,False
254,R005,True
254,R001,False
254,R002,True
254,R005,True
254,R003,False
254,R005,False
254,R004,True
254,R004,True
254,R003,False
254,R002,False
254,R001,True
255,R001,True
255,R003,False
255,R004,False
255,R004,False
255,R004,True
255,R003,False
255,R003,True
255,R002,True
255,R004,False
255,R002,True
255,R005,True
255,R001,False
255,R004,False
255,R003,False
255,R004,False
255,R005,True
255,R005,True
255,R004,True
255,R004,True
255,R001,True
255,R002,True
255,R002,True
255,R001,True
255,R005,True
256,R002,True
256,R001,True
256,R003,False
256,R003,False
256,R001,False
256,R003,False
256,R004,False
256,R004,True
256,R003,False
257,R003,False
257,R002,False
257,R003,True
257,R001,False
257,R005,True
257,R003,False
257,R003,False
257,R001,False
257,R005,False
257,R002,False
257,R004,False
257,R003,True
257,R002,False
257,R004,False
257,R004,False
257,R003,True
257,R001,False
257,R001,True
257,R004,True
257,R005,True
257,R005,True
257,R004,False
257,R001,False
258,R004,False
258,R005,True
258,R001,False
258,R003,False
258,R003,True
258,R001,False
258,R002,False
258,R001,False
258,R003,False
258,R004,True
258,R003,False
258,R005,True
258,R001,False
258,R004,True
258,R001,False
258,R005,True
258,R003,False
258,R001,False
259,R002,False
260,R004,False
260,R005,False
260,R005,True
260,R005,True
260,R004,False
260,R004,True
260,R003,False
260,R004,False
260,R005,True
260,R005,False
260,R004,False
260,R005,False
260,R003,False
260,R001,False
260,R003,False
261,R003,False
261,R003,False
261,R002,True
261,R002,True
261,R002,True
261,R001,False
261,R002,True
261,R004,True
261,R002,True
261,R001,False
261,R003,True
261,R002,True
261,R003,True
261,R004,True
261,R002,True
261,R002,True
261,R003,False
261,R001,False
261,R003,True
261,R005,True
261,R004,True
261,R005,True
261,R003,True
262,R002,False
262,R001,False
262,R004,False
262,R005,True
262,R003,False
262,R001,True
262,R005,True
262,R001,False
262,R004,False
262,R003,False
262,R002,True
262,R002,False
262,R003,False
262,R002,True
262,R002,False
263,R003,True
263,R004,True
263,R001,False
263,R004,False
263,R001,False
263,R005,False
263,R003,False
263,R001,False
263,R002,True
263,R005,True
263,R004,False
263,R005,True
264,R001,False
264,R005,True
264,R001,False
264,R001,False
264,R005,True
264,R001,True
264,R004,True
264,R001,False
264,R003,True
264,R005,True
264,R002,True
264,R005,True
264,R004,True
264,R005,False
264,R005,True
265,R004,False
265,R001,False
265,R001,False
265,R001,False
265,R001,False
265,R004,False
265,R001,True
265,R001,False
265,R002,True
265,R004,False
265,R002,True
265,R003,False
265,R005,True
265,R004,False
265,R004,False
265,R002,True
265,R003,True
265,R005,True
266,R005,True
266,R003,False
266,R002,True
266,R004,False
266,R005,False
266,R002,True
266,R005,True
266,R001,False
266,R004,False
266,R001,False
266,R005,True
266,R003,True
266,R004,False
266,R002,True
266,R001,False
267,R002,True
267,R004,False
267,R005,False
267,R003,False
267,R001,False
267,R001,True
267,R003,True
267,R001,False
267,R003,True
267,R002,True
267,R004,False
267,R004,True
267,R002,False
267,R003,True
267,R001,False
267,R002,True
267,R004,True
267,R005,True
267,R004,False
267,R003,False
267,R003,True
267,R001,True
268,R004,False
268,R001,False
268,R004,False
268,R002,True
268,R003,False
268,R004,False
268,R003,False
268,R005,True
268,R004,False
268,R002,True
268,R001,False
268,R005,True
268,R004,True
268,R004,True
268,R004,True
269,R002,False
269,R002,False
269,R005,True
269,R005,True
269,R001,False
269,R005,False
269,R003,True
269,R005,True
269,R001,False
269,R004,False
269,R003,False
269,R004,True
269,R004,True
269,R003,False
269,R002,True
269,R005,True
269,R003,True
269,R005,True
269,R001,False
269,R002,False
269,R001,False
269,R002,True
269,R005,True
269,R002,True
269,R004,False
269,R001,False
269,R005,True
269,R001,False
269,R005,True
269,R001,False
269,R003,False
269,R002,False
270,R003,False
270,R001,False
270,R004,False
270,R002,False
270,R003,True
270,R002,True
270,R002,False
271,R001,False
271,R003,True
271,R001,False
271,R004,True
271,R004,True
271,R003,False
271,R004,False
272,R002,True
272,R004,True
272,R004,True
272,R003,False
272,R001,False
272,R005,True
272,R003,True
272,R002,True
272,R002,False
272,R003,False
272,R001,True
272,R001,True
272,R004,True
272,R002,True
272,R002,False
273,R001,False
273,R005,True
273,R001,False
273,R003,True
273,R001,True
273,R001,True
273,R002,True
273,R005,True
273,R001,False
273,R005,True
273,R002,True
273,R003,False
273,R001,True
273,R001,False
273,R004,False
273,R005,True
273,R005,False
273,R001,False
273,R004,True
273,R002,False
273,R001,False
273,R004,False
274,R003,False
274,R005,False
274,R004,False
274,R003,False
274,R001,False
274,R003,True
274,R003,True
274,R004,False
274,R001,True
274,R005,True
274,R005,True
274,R005,True
274,R005,True
274,R002,True
274,R003,True
275,R005,False
276,R005,True
276,R005,True
276,R001,False
276,R002,True
276,R004,False
276,R001,False
276,R002,True
276,R004,True
276,R003,True
276,R002,True
276,R002,True
276,R003,True
276,R002,True
276,R004,False
276,R005,False
276,R005,True
276,R003,False
276,R001,False
277,R001,False
277,R001,False
277,R003,False
277,R005,True
277,R003,True
277,R002,True
277,R003,False
277,R004,False
277,R002,True
277,R004,False
277,R004,True
277,R005,True
277,R004,False
278,R002,False
278,R001,False
278,R003,False
278,R001,False
278,R004,False
278,R002,True
278,R001,False
278,R004,False
278,R005,False
278,R004,True
278,R002,True
278,R005,True
278,R004,True
278,R005,True
278,R001,False
278,R005,False
278,R003,True
278,R003,True
278,R003,True
278,R003,True
278,R005,True
279,R004,True
279,R003,False
279,R005,True
279,R005,False
279,R005,True
279,R002,True
279,R004,True
279,R005,False
279,R004,True
279,R001,True
279,R003,False
279,R004,False
280,R001,False
280,R005,True
280,R001,False
280,R001,False
280,R002,False
280,R004,True
280,R002,False
280,R002,False
280,R001,False
280,R001,False
280,R001,False
280,R004,False
280,R004,False
280,R004,False
280,R002,False
280,R005,False
280,R001,False
280,R003,True
280,R004,False
280,R003,False
280,R002,False
280,R001,False
280,R005,True
281,R001,False
281,R003,False
281,R005,True
281,R002,False
281,R004,False
281,R002,False
281,R004,False
282,R001,False
282,R003,False
282,R001,False
282,R002,True
282,R004,False
282,R004,False
282,R003,False
282,R004,False
282,R002,True
282,R001,False
282,R004,False
282,R005,True
282,R001,False
282,R005,True
282,R003,True
282,R004,False
282,R001,False
283,R002,False
283,R001,True
283,R001,True
283,R001,True
283,R003,False
283,R002,False
283,R001,False
283,R005,True
283,R002,False
283,R004,False
283,R005,True
283,R002,True
283,R002,True
283,R002,False
283,R003,False
283,R004,False
283,R002,True
283,R004,False
283,R001,False
283,R001,False
283,R005,True
283,R003,False
283,R004,True
284,R004,True
284,R001,True
284,R004,True
284,R004,True
284,R002,True
284,R001,False
284,R002,False
284,R004,True
284,R001,False
285,R002,True
285,R004,True
285,R003,False
285,R005,True
285,R001,False
285,R004,False
285,R001,False
285,R002,False
285,R003,True
285,R004,True
285,R001,False
285,R002,False
285,R004,False
285,R004,True
285,R004,True
285,R003,True
285,R001,True
285,R002,False
285,R002,False
285,R002,True
285,R001,False
285,R004,False
285,R004,False
286,R004,False
286,R003,True
286,R001,False
286,R003,False
286,R001,False
286,R003,True
286,R001,False
287,R004,True
287,R002,True
287,R002,False
287,R003,True
287,R004,True
287,R001,True
287,R004,True
287,R005,False
287,R001,False
287,R004,False
287,R002,True
287,R003,False
287,R004,False
287,R001,True
287,R001,True
287,R001,True
287,R004,True
287,R002,False
287,R005,False
287,R005,True
287,R002,True
287,R002,True
287,R002,True
287,R005,True
287,R002,False
288,R001,False
288,R005,True
288,R004,False
288,R005,True
288,R005,False
288,R003,False
288,R002,True
288,R005,True
288,R005,True
288,R001,True
288,R004,True
288,R005,True
288,R005,True
288,R004,False
288,R001,False
289,R005,True
289,R001,False
289,R002,True
289,R004,False
289,R002,True
289,R004,False
289,R002,False
289,R003,False
289,R005,True
289,R005,False
289,R002,True
289,R004,False
289,R002,True
289,R005,True
289,R002,True
289,R002,False
289,R002,False
289,R005,True
289,R004,False
290,R005,True
290,R001,False
290,R005,True
290,R005,True
290,R005,False
290,R002,False
290,R001,False
290,R001,True
290,R004,False
290,R001,True
290,R003,False
290,R002,True
290,R005,True
290,R004,True
291,R005,False
292,R001,True
292,R001,False
292,R004,False
292,R002,True
292,R005,True
292,R005,True
292,R002,True
292,R003,True
292,R001,False
292,R001,False
292,R003,False
292,R002,True
292,R005,True
292,R002,True
292,R003,False
292,R003,False
293,R005,False
293,R004,True
293,R002,True
293,R002,False
293,R002,True
293,R003,False
293,R002,False
293,R002,False
293,R001,False
294,R001,False
294,R001,False
295,R002,True
295,R005,True
295,R004,False
296,R003,True
296,R001,False
296,R005,True
296,R002,False
296,R002,True
296,R002,False
296,R004,True
296,R003,False
296,R003,True
296,R001,False
296,R001,False
296,R005,True
296,R003,False
296,R002,True
296,R004,False
296,R005,True
296,R004,False
296,R003,True
296,R004,False
296,R001,False
296,R005,True
296,R004,False
296,R004,False
296,R001,False
297,R002,False
297,R003,False
297,R003,True
297,R005,True
297,R005,True
297,R003,True
297,R001,False
297,R002,True
297,R004,True
297,R001,False
297,R002,False
297,R002,True
297,R003,True
297,R003,False
297,R002,False
297,R004,False
297,R002,True
297,R002,False
297,R003,True
297,R004,False
297,R002,True
298,R001,False
299,R001,False
299,R005,True
299,R005,True
299,R001,False
299,R005,True
299,R004,False
299,R005,True
299,R004,False
299,R001,False
299,R003,False
299,R004,False
299,R005,True
299,R003,True
299,R003,True
299,R005,True
299,R002,False
299,R002,False
299,R001,False
299,R003,True
299,R004,False
300,R002,True
300,R004,True
300,R005,False
300,R004,True
301,R001,False
301,R001,True
301,R003,True
301,R004,False
301,R001,False
301,R003,True
301,R001,False
301,R003,True
301,R001,True
301,R002,True
301,R002,True
301,R001,False
301,R002,True
301,R004,True
301,R001,False
301,R005,True
302,R001,False
302,R002,True
302,R002,True
302,R002,False
303,R004,False
303,R001,False
303,R002,False
303,R003,False
303,R002,False
303,R003,True
303,R005,True
303,R004,False
303,R005,True
303,R003,False
303,R001,False
303,R001,False
303,R002,False
303,R001,False
303,R004,True
303,R004,True
303,R002,False
303,R004,False
303,R001,False
304,R005,True
304,R005,False
304,R002,False
304,R004,True
304,R001,False
304,R002,False
304,R003,False
304,R004,True
304,R002,False
304,R004,False
304,R004,False
304,R005,False
304,R005,True
304,R003,False
304,R005,True
304,R004,False
304,R004,False
304,R003,False
304,R003,False
304,R003,False
304,R005,True
304,R001,False
304,R001,False
304,R004,True
304,R002,True
304,R004,True
304,R004,False
304,R003,False
305,R004,False
305,R005,True
305,R004,False
305,R005,True
305,R003,True
305,R002,True
305,R001,False
305,R003,True
305,R003,True
305,R002,True
305,R003,False
305,R002,True
305,R004,True
305,R002,True
305,R003,False
305,R003,False
305,R001,False
305,R004,False
305,R002,True
306,R005,True
306,R001,False
306,R001,False
306,R003,False
306,R001,False
306,R001,False
306,R001,False
306,R003,False
306,R003,False
306,R001,True
306,R004,False
306,R001,False
306,R005,True
307,R002,False
307,R001,False
307,R005,True
307,R001,False
307,R002,False
307,R001,False
307,R002,True
307,R005,True
307,R002,True
307,R002,True
307,R004,False
307,R004,False
307,R004,False
307,R001,False
307,R001,False
307,R005,True
308,R002,True
308,R002,True
308,R003,False
308,R004,False
308,R005,True
308,R005,False
308,R001,False
308,R004,False
308,R004,False
308,R001,False
309,R004,True
310,R003,False
310,R003,True
310,R002,False
310,R003,False
310,R002,False
310,R003,True
310,R004,False
310,R002,True
310,R005,False
310,R002,False
310,R004,False
310,R001,False
310,R003,False
310,R002,True
310,R005,True
310,R001,True
311,R001,False
311,R002,True
311,R005,True
311,R002,False
311,R004,True
311,R004,True
311,R002,False
311,R004,True
311,R004,True
311,R004,True
311,R003,True
312,R001,False
312,R005,True
312,R003,False
312,R004,True
312,R005,False
312,R001,True
312,R003,False
312,R002,True
312,R005,True
312,R004,False
312,R003,False
312,R004,True
313,R001,False
313,R003,False
313,R004,False
313,R005,True
313,R005,True
313,R002,False
313,R005,True
313,R002,False
313,R003,False
313,R001,True
313,R003,False
313,R001,False
313,R003,False
313,R005,True
313,R002,False
313,R002,False
313,R003,True
313,R002,True
313,R002,True
313,R001,True
313,R001,True
313,R002,False
313,R005,True
313,R004,True
313,R004,False
313,R001,True
313,R004,False
313,R002,True
313,R002,True
314,R002,True
314,R005,True
315,R004,True
315,R002,False
315,R001,False
315,R001,False
315,R004,False
315,R001,True
315,R001,False
315,R005,True
315,R001,False
315,R002,True
315,R003,False
315,R001,False
315,R005,True
316,R001,True
316,R005,True
316,R002,True
316,R001,True
316,R001,True
316,R004,True
316,R002,True
316,R005,True
316,R004,False
316,R005,True
316,R005,True
317,R005,True
317,R001,False
317,R004,False
317,R001,True
317,R005,True
317,R002,True
317,R005,True
317,R001,False
317,R003,False
317,R001,True
318,R002,False
318,R005,False
318,R002,False
318,R005,True
318,R005,True
318,R003,True
318,R005,True
318,R004,True
318,R001,False
318,R005,True
318,R001,False
318,R003,False
319,R002,True
319,R003,False
319,R002,False
319,R004,False
319,R003,True
319,R005,True
319,R001,False
319,R005,True
319,R004,False
319,R005,False
319,R001,False
319,R004,True
320,R001,False
320,R003,True
320,R005,True
320,R005,False
320,R002,True
320,R002,True
320,R003,False
320,R003,False
320,R002,False
320,R004,False
320,R003,False
320,R002,False
320,R005,True
320,R005,True
320,R003,False
320,R005,False
320,R001,False
320,R004,True
320,R002,False
320,R005,True
320,R003,False
320,R002,False
320,R003,False
320,R001,False
320,R002,True
320,R001,False
320,R001,False
320,R004,False
320,R003,False
321,R001,True
321,R005,True
321,R003,True
321,R003,True
321,R004,False
321,R002,False
321,R002,True
321,R001,False
321,R004,False
321,R002,True
321,R002,False
321,R002,False
321,R002,False
321,R002,True
321,R002,True
321,R003,False
321,R002,True
321,R005,False
321,R002,True
321,R001,False
321,R001,False
321,R001,True
321,R002,False
322,R003,False
322,R004,False
322,R001,False
322,R005,False
322,R004,True
323,R001,False
323,R002,True
323,R004,False
323,R005,False
323,R002,True
323,R004,False
323,R005,True
323,R001,False
323,R001,False
323,R004,True
323,R003,False
323,R005,True
323,R005,True
323,R002,True
323,R002,True
323,R001,False
323,R004,True
323,R005,True
323,R004,True
323,R003,True
323,R005,True
324,R001,True
324,R003,False
324,R005,True
324,R003,True
324,R004,True
324,R001,False
324,R001,False
324,R003,False
324,R004,True
324,R002,True
324,R002,True
324,R005,False
324,R005,True
324,R005,True
324,R004,False
324,R002,True
324,R001,True
324,R004,False
324,R003,False
324,R005,True
324,R001,False
325,R001,False
325,R002,False
325,R003,True
325,R005,True
325,R004,False
325,R005,True
325,R005,True
325,R001,False
325,R003,True
325,R003,False
325,R003,False
326,R004,False
326,R005,False
326,R005,True
326,R004,False
326,R004,True
326,R004,False
326,R002,False
326,R003,False
326,R005,True
326,R005,True
326,R004,False
326,R001,False
326,R003,True
326,R004,False
326,R004,True
326,R002,True
326,R005,False
326,R002,False
326,R004,False
326,R004,False
327,R005,True
327,R005,True
327,R001,False
327,R004,False
327,R001,True
327,R004,True
327,R001,False
327,R003,True
327,R004,True
327,R001,False
327,R004,False
327,R002,False
327,R003,False
327,R003,False
327,R005,True
327,R003,False
327,R004,True
327,R001,False
328,R004,True
328,R004,True
328,R005,True
328,R001,False
328,R004,True
328,R001,False
328,R003,False
328,R003,False
328,R002,True
328,R001,False
328,R004,True
328,R002,True
328,R002,False
328,R002,False
328,R005,True
329,R004,False
329,R005,True
329,R001,True
329,R002,True
329,R005,True
329,R003,False
329,R005,True
329,R002,True
330,R003,False
330,R005,True
330,R002,False
330,R001,False
330,R003,False
330,R002,True
330,R003,True
330,R001,True
330,R003,False
330,R003,False
330,R002,False
330,R001,False
330,R004,False
330,R002,False
330,R005,False
330,R001,False
330,R001,False
330,R001,False
330,R003,False
330,R005,True
330,R004,False
330,R005,True
330,R001,False
330,R002,False
330,R004,False
330,R004,False
331,R005,False
331,R001,True
331,R002,True
331,R003,False
331,R003,False
331,R004,False
331,R001,True
331,R003,False
332,R002,True
333,R003,False
333,R005,True
333,R004,False
333,R003,False
333,R005,True
333,R005,True
333,R001,False
333,R003,False
333,R002,False
333,R003,False
333,R005,True
333,R001,False
333,R001,False
334,R004,False
334,R003,True
334,R004,False
334,R002,False
334,R005,True
334,R005,True
334,R005,True
334,R001,False
334,R005,True
335,R001,False
335,R001,False
335,R002,False
335,R002,False
335,R001,False
335,R002,False
335,R003,False
335,R003,False
335,R001,True
335,R001,False
335,R003,False
335,R005,True
335,R005,True
335,R001,False
335,R004,False
335,R001,False
335,R004,False
335,R002,True
335,R005,False
336,R001,False
336,R001,False
336,R003,False
336,R002,True
336,R004,False
336,R003,False
336,R001,False
336,R001,False
336,R002,True
336,R003,True
336,R002,True
336,R003,False
336,R002,True
336,R001,False
336,R002,False
336,R004,True
337,R004,False
337,R001,True
337,R002,False
337,R004,False
337,R002,True
337,R003,True
337,R004,False
337,R005,True
337,R002,True
337,R005,True
337,R001,False
337,R003,False
337,R003,True
337,R004,False
337,R005,True
337,R003,False
337,R005,True
337,R004,False
337,R002,True
337,R004,False
337,R005,False
337,R001,False
337,R003,True
337,R004,False
337,R002,True
337,R002,True
337,R005,True
337,R001,False
338,R001,False
338,R005,True
338,R002,False
338,R005,True
338,R005,True
338,R004,False
338,R004,False
338,R002,False
338,R002,False
338,R005,True
338,R005,True
338,R003,False
338,R003,True
338,R003,False
338,R001,False
338,R003,True
338,R003,False
338,R002,False
338,R004,False
338,R002,False
338,R003,True
338,R002,False
339,R003,True
339,R005,True
339,R005,True
339,R002,False
339,R002,False
339,R002,True
339,R001,False
339,R004,True
339,R002,True
339,R003,True
339,R001,False
339,R001,False
339,R002,True
339,R005,True
339,R004,True
339,R001,False
339,R001,False
339,R001,False
339,R004,True
339,R001,False
339,R005,True
339,R005,True
339,R004,True
339,R004,True
339,R005,True
339,R004,True
339,R001,True
339,R005,True
339,R001,True
339,R001,False
340,R003,False
340,R002,False
340,R005,True
340,R001,False
340,R005,True
340,R001,False
340,R002,False
340,R001,False
340,R002,True
340,R002,True
340,R001,False
340,R001,False
340,R003,False
340,R001,False
340,R005,False
340,R001,False
340,R002,False
340,R004,False
340,R002,True
340,R003,False
340,R001,False
340,R001,False
340,R004,False
341,R001,False
341,R004,True
341,R002,False
341,R002,True
341,R004,False
341,R004,False
341,R003,True
341,R003,True
341,R004,True
341,R004,True
341,R004,True
341,R001,False
341,R003,False
341,R001,False
341,R004,False
341,R004,True
342,R001,False
342,R003,True
342,R005,True
342,R004,False
342,R005,True
342,R001,False
343,R005,True
343,R003,False
343,R003,False
343,R004,True
343,R002,False
343,R001,False
343,R001,False
343,R004,True
343,R003,True
343,R002,True
343,R002,False
343,R004,False
343,R005,True
343,R002,False
343,R001,False
343,R001,False
343,R004,True
343,R002,True
343,R005,False
343,R001,False
343,R002,True
344,R004,False
344,R004,False
344,R001,True
344,R005,True
344,R002,False
344,R003,True
344,R003,True
344,R002,False
344,R003,False
344,R004,False
344,R002,True
344,R001,False
344,R005,True
344,R002,True
344,R003,True
344,R001,False
344,R002,True
344,R003,True
344,R005,True
344,R004,False
344,R003,False
344,R005,True
344,R001,False
345,R001,False
345,R005,True
345,R004,False
345,R001,False
345,R002,True
345,R001,False
345,R002,False
345,R002,True
345,R001,False
346,R004,False
346,R005,True
346,R002,True
346,R004,True
346,R002,False
346,R004,False
346,R003,False
346,R004,False
346,R003,False
346,R004,False
346,R002,True
346,R002,True
346,R002,False
346,R004,True
347,R004,False
347,R003,False
347,R005,True
347,R005,True
347,R005,True
347,R004,False
347,R003,False
347,R002,False
347,R004,True
347,R003,False
347,R003,False
347,R005,False
347,R002,True
347,R004,True
347,R004,False
347,R003,False
347,R001,True
347,R004,False
347,R002,False
347,R004,False
347,R002,True
347,R002,False
347,R005,False
347,R003,False
348,R003,True
348,R001,True
348,R004,True
348,R005,False
348,R004,False
348,R002,True
348,R003,False
348,R005,True
348,R001,False
348,R003,False
348,R001,True
348,R005,True
348,R004,False
348,R003,True
348,R001,False
348,R002,False
349,R002,True
349,R005,True
349,R001,False
349,R002,False
349,R004,True
349,R002,False
349,R004,True
349,R003,False
349,R004,True
349,R001,False
349,R001,False
349,R002,True
349,R002,True
349,R001,False
349,R005,False
349,R005,True
350,R004,False
350,R004,False
350,R003,False
350,R002,True
350,R003,True
350,R003,True
350,R002,True
350,R001,False
350,R003,False
350,R004,True
350,R003,False
350,R002,True
350,R002,False
350,R003,False
350,R003,True
350,R003,False
350,R004,True
350,R003,True
350,R005,True
350,R002,True
350,R005,True
350,R005,False
350,R001,False
350,R005,True
350,R004,False
350,R005,True
351,R005,True
351,R002,False
351,R001,True
351,R001,False
351,R001,True
351,R004,True
351,R003,True
351,R005,True
351,R005,True
351,R005,True
352,R001,True
352,R004,True
352,R004,False
352,R004,True
352,R004,False
352,R001,True
352,R004,False
352,R005,False
352,R003,True
353,R003,False
353,R002,True
353,R001,False
353,R001,False
353,R004,False
353,R001,False
353,R001,True
353,R001,True
353,R005,True
354,R001,False
354,R005,False
354,R004,False
354,R004,True
354,R004,False
354,R005,True
354,R004,False
354,R004,False
354,R004,True
354,R003,False
354,R001,False
354,R004,True
354,R002,True
354,R005,True
354,R004,True
354,R001,False
354,R005,False
355,R001,True
355,R005,False
355,R003,False
355,R002,False
355,R005,True
355,R001,False
355,R005,True
355,R003,False
355,R002,True
356,R002,True
356,R001,True
356,R002,False
356,R005,False
356,R005,False
356,R001,False
356,R004,True
356,R004,False
356,R005,False
357,R003,True
357,R001,False
357,R004,True
357,R005,True
357,R002,False
357,R004,True
357,R001,True
357,R004,False
357,R005,True
357,R005,True
357,R004,True
357,R004,True
357,R002,True
357,R002,True
357,R002,True
357,R001,False
357,R005,True
357,R002,True
357,R003,True
357,R001,False
358,R005,True
358,R004,False
358,R003,True
358,R002,True
358,R001,False
358,R005,False
358,R003,True
358,R004,True
358,R004,False
358,R003,True
358,R004,False
359,R002,False
359,R002,True
359,R004,False
359,R005,True
359,R002,False
359,R002,True
359,R004,True
359,R001,False
359,R002,False
359,R005,True
359,R001,False
359,R005,True
359,R002,True
359,R005,True
360,R002,False
360,R005,True
360,R003,True
360,R005,True
360,R002,True
360,R002,True
360,R005,True
360,R003,False
360,R001,True
360,R002,True
360,R001,False
361,R002,True
361,R002,False
361,R003,False
361,R005,True
361,R005,True
361,R003,True
361,R003,True
361,R002,False
361,R005,True
361,R004,False
361,R001,False
361,R002,False
361,R002,True
361,R001,False
361,R004,True
361,R003,True
361,R001,False
361,R005,True
361,R004,False
361,R001,False
361,R002,True
361,R002,False
361,R002,False
362,R002,True
362,R003,False
362,R005,True
362,R005,True
362,R004,False
362,R003,True
362,R005,True
362,R005,False
362,R001,False
362,R005,True
362,R005,True
362,R004,False
362,R002,True
362,R001,True
362,R003,False
362,R005,True
362,R004,True
362,R001,True
362,R005,True
362,R004,False
362,R001,True
362,R003,False
362,R002,False
362,R003,False
363,R005,True
363,R004,True
363,R001,False
363,R003,False
363,R002,True
363,R003,False
364,R004,True
364,R001,False
364,R005,True
364,R004,True
364,R005,True
364,R004,False
364,R001,False
364,R003,True
364,R002,True
364,R004,False
364,R004,True
364,R004,False
364,R004,True
364,R004,False
364,R003,False
364,R001,False
364,R004,False
364,R003,False
364,R004,False
364,R005,True
364,R003,True
364,R003,True
364,R002,False
364,R003,True
365,R002,True
365,R005,True
365,R002,True
365,R001,True
365,R002,False
365,R003,False
365,R005,False
365,R005,True
365,R003,True
365,R003,False
365,R003,True
365,R002,True
365,R004,False
365,R003,True
365,R002,True
366,R005,True
366,R005,True
366,R004,False
366,R003,False
366,R003,False
367,R005,False
367,R005,True
367,R001,False
367,R005,True
367,R002,True
367,R001,False
367,R003,False
367,R002,True
367,R005,True
367,R001,False
367,R003,False
367,R004,False
368,R004,False
368,R005,True
368,R001,False
368,R004,False
368,R001,False
368,R005,False
368,R003,True
368,R005,True
368,R004,False
368,R005,True
368,R001,False
368,R005,False
368,R001,False
369,R001,False
369,R002,True
369,R001,False
369,R005,True
369,R002,True
369,R001,False
369,R002,True
369,R002,False
369,R004,True
369,R004,False
369,R005,False
370,R004,True
370,R005,True
370,R005,False
370,R003,False
370,R005,True
370,R001,False
370,R005,False
370,R005,True
370,R001,False
371,R002,False
371,R005,True
371,R002,True
371,R005,True
371,R003,False
371,R001,False
371,R005,True
371,R001,False
372,R005,True
372,R002,True
372,R004,True
372,R005,True
372,R003,True
372,R003,True
372,R004,False
372,R002,True
372,R002,False
372,R001,False
372,R003,True
372,R002,True
372,R003,True
372,R002,True
372,R003,True
372,R004,True
372,R003,True
372,R003,True
372,R004,False
372,R002,False
372,R001,False
372,R005,False
373,R004,False
373,R002,False
373,R003,False
373,R005,False
373,R002,True
373,R001,False
373,R002,False
373,R004,False
373,R001,False
373,R002,False
373,R003,True
373,R004,True
373,R001,False
373,R001,False
373,R001,False
373,R002,False
373,R005,True
373,R001,False
373,R005,True
373,R005,True
373,R002,False
374,R001,False
375,R001,False
375,R002,True
375,R005,True
375,R001,False
375,R003,True
375,R003,True
375,R002,True
375,R004,False
375,R001,False
375,R004,False
375,R001,False
375,R003,False
376,R001,True
376,R002,True
376,R003,False
376,R002,True
376,R003,False
376,R001,False
376,R001,True
376,R004,False
376,R005,True
376,R001,False
376,R004,False
376,R005,True
376,R003,True
376,R002,False
376,R002,True
376,R004,False
376,R002,True
376,R001,True
376,R005,False
376,R002,False
377,R005,False
377,R004,False
377,R003,True
377,R005,False
377,R005,True
377,R001,False
377,R003,True
377,R001,False
377,R003,True
377,R003,False
377,R001,False
377,R002,True
377,R004,False
377,R001,False
377,R003,True
378,R002,True
379,R004,False
379,R002,True
379,R001,False
379,R004,False
379,R002,True
379,R002,True
379,R005,True
379,R004,False
379,R004,False
379,R005,False
379,R005,True
379,R005,False
379,R002,True
379,R005,True
379,R001,False
379,R004,True
379,R002,True
379,R002,True
379,R003,False
379,R001,False
379,R001,False
379,R002,True
379,R001,False
379,R001,False
379,R002,True
379,R002,True
379,R001,False
379,R001,False
380,R001,False
380,R002,False
380,R002,False
380,R004,False
380,R003,True
380,R005,False
380,R003,False
380,R001,False
380,R001,False
380,R005,True
380,R005,True
380,R001,False
380,R002,False
380,R005,False
380,R003,True
381,R004,True
381,R002,True
381,R003,False
381,R005,True
381,R004,False
381,R004,False
381,R003,False
382,R002,False
382,R001,False
382,R003,False
382,R004,True
382,R004,False
382,R003,True
382,R001,False
382,R003,True
382,R001,False
382,R005,True
383,R003,False
383,R005,True
383,R002,False
383,R001,False
383,R004,False
383,R003,False
383,R003,False
383,R004,True
383,R005,True
383,R005,True
383,R002,True
383,R003,False
383,R005,False
383,R005,True
383,R001,False
383,R001,False
384,R002,False
384,R004,False
384,R005,True
384,R003,True
384,R002,False
384,R005,True
384,R001,True
384,R005,True
384,R001,False
384,R005,True
384,R003,False
384,R004,True
384,R003,True
384,R003,True
384,R003,False
384,R002,True
384,R002,False
384,R003,True
384,R003,False
385,R002,False
385,R001,False
385,R003,True
385,R001,True
385,R001,False
385,R003,False
385,R004,True
385,R002,True
386,R001,False
386,R001,False
386,R001,False
386,R003,False
387,R004,False
388,R004,False
388,R002,False
388,R005,True
388,R002,True
388,R005,True
389,R005,True
389,R002,True
389,R002,False
389,R001,False
389,R004,True
389,R001,False
389,R004,True
389,R005,True
389,R001,True
389,R002,False
389,R004,False
389,R002,False
389,R002,False
389,R002,False
389,R004,True
389,R004,False
390,R005,True
390,R001,False
390,R001,False
390,R005,True
390,R002,True
390,R005,False
390,R001,False
391,R002,True
391,R001,True
391,R003,False
392,R004,False
392,R003,False
392,R004,True
392,R002,False
392,R004,False
392,R004,False
392,R003,False
392,R004,False
392,R003,False
392,R004,True
392,R003,False
392,R003,False
392,R002,False
392,R005,True
392,R002,True
392,R005,True
392,R003,False
392,R001,True
393,R001,True
393,R001,False
393,R001,False
393,R001,False
393,R003,True
393,R003,True
393,R005,False
393,R003,False
393,R002,False
393,R001,False
393,R003,False
393,R001,False
393,R004,False
393,R001,False
393,R001,False
393,R003,False
393,R005,True
393,R005,True
393,R004,False
393,R002,True
393,R002,False
393,R001,True
393,R004,True
393,R001,False
393,R001,False
393,R003,False
393,R005,True
393,R003,True
393,R005,True
393,R005,True
394,R005,True
394,R001,False
394,R003,True
394,R005,True
394,R001,False
394,R005,True
394,R001,True
394,R005,True
394,R003,False
394,R002,True
394,R001,False
394,R005,True
394,R002,True
394,R005,True
395,R001,False
395,R002,True
395,R004,True
395,R005,True
395,R004,True
395,R004,False
395,R005,True
395,R004,True
395,R004,True
395,R005,True
395,R004,True
395,R001,False
395,R001,False
395,R002,False
395,R004,False
395,R001,True
395,R005,True
395,R001,False
395,R003,False
396,R004,True
396,R005,True
396,R003,False
396,R001,False
396,R003,False
396,R002,True
396,R004,False
396,R002,True
396,R004,False
396,R002,False
396,R003,False
396,R005,True
396,R004,False
396,R002,True
396,R001,True
396,R004,True
396,R005,True
396,R005,True
396,R005,False
396,R003,False
396,R002,False
396,R002,False
396,R001,False
396,R005,True
396,R004,False
396,R004,True
397,R005,True
397,R005,True
398,R002,True
398,R004,True
398,R002,True
398,R004,True
398,R002,False
398,R002,True
398,R003,False
398,R005,True
398,R005,True
398,R003,True
398,R001,False
398,R002,True
398,R003,False
399,R003,True
399,R003,False
399,R002,False
399,R005,True
399,R001,False
399,R001,False
399,R002,False
399,R005,True
399,R004,True
399,R005,True
399,R002,True
399,R003,False
399,R005,True
399,R004,False
399,R004,False
399,R003,False
399,R005,False
399,R001,False
